tmdb_id,title,type,release_date,genres,tmdb_rating,my_rating,my_rating_label,date_rated,overview,poster_url
1087891,The Amateur,movie,2025-04-09,"Thriller, Action",6.921,-2,Maybe Later,2025-06-19 22:01:59.014778,"After his life is turned upside down when his wife is killed in a London terrorist attack, a brilliant but introverted CIA decoder takes matters into his own hands when his supervisors refuse to take action.",https://image.tmdb.org/t/p/w500/SNEoUInCa5fAgwuEBMIMBGvkkh.jpg
1426776,STRAW,movie,2025-06-05,"Thriller, Drama, Crime",8.066,0,Want to See,2025-06-19 22:02:20.098213,What will be her last straw? A devastatingly bad day pushes a hardworking single mother to the breaking point ‚Äî and into a shocking act of desperation.,https://image.tmdb.org/t/p/w500/t3cmnXYtxJb9vVL1ThvT2CWSe1n.jpg
1087192,How to Train Your Dragon,movie,2025-06-06,"Action, Family, Fantasy",8.0,0,Want to See,2025-06-19 22:03:00.600073,"On the rugged isle of Berk, where Vikings and dragons have been bitter enemies for generations, Hiccup stands apart, defying centuries of tradition when he befriends Toothless, a feared Night Fury dragon. Their unlikely bond reveals the true nature of dragons, challenging the very foundations of Viking society.",https://image.tmdb.org/t/p/w500/q5pXRYTycaeW6dEgsCrd4mYPmxM.jpg
870028,The Accountant¬≤,movie,2025-04-23,,7.223,-1,Not Interested,2025-06-19 22:33:59.744496,"When an old acquaintance is murdered, Wolff is compelled to solve the case. Realizing more extreme measures are necessary, Wolff recruits his estranged and highly lethal brother, Brax, to help. In partnership with Marybeth Medina, they uncover a deadly conspiracy, becoming targets of a ruthless network of killers who will stop at nothing to keep their secrets buried.",https://image.tmdb.org/t/p/w500/kMDUS7VmFhb2coRfVBoGLR8ADBt.jpg
65701,Good Mythical Morning,tv,2012-01-09,,7.0,-1,Not Interested,2025-06-19 22:34:13.652438,"Two ""Internetainers"" (Rhett & Link) go far out and do the weirdest things, giving you a daily dose of casual comedy every Monday-Friday.",https://image.tmdb.org/t/p/w500/jMpBQr2aNOFAI6wsC47zsOG6qOh.jpg
157336,Interstellar,movie,2014-11-05,,8.455,4,üåü Perfect,2025-06-19 22:36:20.805553,The adventures of a group of explorers who make use of a newly discovered wormhole to surpass the limitations on human space travel and conquer the vast distances involved in an interstellar voyage.,https://image.tmdb.org/t/p/w500/gEU2QniE6E77NI6lCU6MxlNBvIx.jpg
574475,Final Destination Bloodlines,movie,2025-05-14,,7.2,0,üëÄ Want to See,2025-06-19 23:04:43.467828,"Plagued by a violent recurring nightmare, college student Stefanie heads home to track down the one person who might be able to break the cycle and save her family from the grisly demise that inevitably awaits them all.",/6WxhEvFsauuACfv8HyoVX6mZKFj.jpg
1233413,Sinners,movie,2025-04-16,,7.56,2,ü§∑ OK,2025-06-19 23:05:28.934822,"Trying to leave their troubled lives behind, twin brothers return to their hometown to start again, only to discover that an even greater evil is waiting to welcome them back.",/yqsCU5XOP2mkbFamzAqbqntmfav.jpg
1450599,K.O.,movie,2025-06-05,,6.539,-1,Not Interested,2025-06-19 23:05:35.959513,"A former fighter must find the missing son of an opponent he accidentally killed years ago, taking on a brutally violent crime gang in Marseille.",/qcM2sUiAeP4zXwx4ADSvgc9S58k.jpg
666154,Kayara,movie,2025-01-02,,7.6,-1,Not Interested,2025-06-19 23:05:42.539527,"A courageous and athletic teenager, Kayara dreams that she is destined to be the first female to break into the league of Chasquis - the official messengers of the Incan empire. As she learns what it takes to be a Chasqui along with its challenges, she tackles every mission she gets and discovers the ancient stories of her land and her people.",/tpZdjnoJ6Z3NsSxI6HjAIggrcEv.jpg
1442776,Crazy Lizard,movie,2024-03-27,,0.0,-1,Not Interested,2025-06-19 23:05:45.800615,"A young man climbs into the mountains to pick up a meteorite that has fallen there and is killed by something. The ""thing"" descends to the village and begins to eat the inhabitants one by one, terrorizing the entire island.",/9TFaFsSXedaALXTzba349euDeoY.jpg
552524,Lilo & Stitch,movie,2025-05-17,,7.097,0,üëÄ Want to See,2025-06-19 23:07:08.612915,The wildly funny and touching story of a lonely Hawaiian girl and the fugitive alien who helps to mend her broken family.,/A89x10Eqt43bPFEWPpbraWwkaFr.jpg
1240475,Hunt the Wicked,movie,2024-02-12,,4.8,-1,‚ùå Don't Want to See,2025-06-19 23:07:15.396211,"The film tells the story of narcotics police officer Huang Mingjin and the ""mysterious figure"" Wei Yunzhou. Through completely different means and methods, in the process of calculating and wrestling with each other, they tear apart the facade of urban tranquility, exposing the underground drug network woven by the hidden hand ""Long Wang"", and ultimately eradicate the darkness with the sword of justice, revealing the dawn of light.",/m5UBHbEjQJx3AkRZWRY6A4l4ZDT.jpg
1239193,Deep Cover,movie,2025-06-12,,6.715,-1,‚ùå Don't Want to See,2025-06-19 23:07:24.897029,"Kat is an improv comedy teacher beginning to question if she‚Äôs missed her shot at success. When an undercover cop offers her the role of a lifetime, she recruits two of her students to infiltrate London‚Äôs gangland by impersonating dangerous criminals.",/euM8fJvfH28xhjGy25LiygxfkWc.jpg
1017163,The Roundup: Punishment,movie,2024-04-24,,6.8,-1,‚ùå Don't Want to See,2025-06-19 23:07:36.513316,'Monster Cop' Ma Seok-do investigates an illegal online gambling business led by a former STS Baek and an IT genius CEO Chang. Ma proposes an unexpected alliance to Jang and begins hunting down the criminals.,/yk38mNoJpsswmk9o7i7eLhO4mc.jpg
950387,A Minecraft Movie,movie,2025-03-31,,6.509,-1,‚ùå Don't Want to See,2025-06-19 23:07:41.265438,"Four misfits find themselves struggling with ordinary problems when they are suddenly pulled through a mysterious portal into the Overworld: a bizarre, cubic wonderland that thrives on imagination. To get back home, they'll have to master this world while embarking on a magical quest with an unexpected, expert crafter, Steve.",/yFHHfHcUgGAxziP1C3lLt0q2T4s.jpg
1127110,Diablo,movie,2025-06-13,,6.72,-1,‚ùå Don't Want to See,2025-06-19 23:07:43.152041,"Ex-con Kris Chaney seizes the daughter of a Colombian gangster to fulfill a noble promise to the young girl's mother. When her father enlists both the criminal underworld and a psychotic killer to exact his revenge, Kris relies on everything he's ever learned to stay alive and keep his word.",/uFQduVyYIinJy3eLjozgfl6Xtcn.jpg
1379587,Utopia,movie,2024-12-09,,5.162,-1,‚ùå Don't Want to See,2025-06-19 23:07:44.814717,"A soldier searching for his missing wife breaks into a high-tech facility, believing she's been caught in a human trafficking ring. But beyond its walls, he finds a surreal, futuristic fantasy park where reality and illusion blur. As he navigates this seductive and dangerous world, a shocking truth pulls him deeper into a deadly game where nothing is as it seems.",/yef0tY1Nw3BX8PJTfBLieqHj5Hw.jpg
1225916,3√£o: An Endless Story,movie,2023-12-11,,8.375,-1,‚ùå Don't Want to See,2025-06-19 23:07:46.666028,"This movie is a gift for the 2023 ESCA high school third-year students. Despite a challenging year, we know it wasn't all about studying and sadness...",/ghNV52iBTQgtkd0nFZkAyvngCbr.jpg
1315988,Mikaela,movie,2025-01-31,,6.196,-1,‚ùå Don't Want to See,2025-06-19 23:07:48.886862,"During the eve of the 6th of January, a record-breaking snowstorm sweeps across Spain. In the midst of its chaos, a group of robbers seizes the opportunity to hijack an armoured van. A few meters away is Leo, a finished policeman who has nothing to lose. With the unexpected aid of a young woman, he will try to stop the band from running away with their loot.",/xG8olkWOmoW78GbozKbS2UxYGEo.jpg
1289601,Life After Fighting,movie,2024-06-07,,7.027,-1,‚ùå Don't Want to See,2025-06-19 23:07:57.022806,"Retired martial arts world champion Alex Faulkner has settled into a simple life, when the disappearance of two of his students leads to an unthinkable discovery close to home. Just when all hope of finding the children is lost, he locates the imprisoned girls and unsurfaces an international child trafficking operation, which draws him back into the fight of his life against those behind it.",/uKWAk4BHzyEOMmLKUDXoIAPhH36.jpg
1376434,Predator: Killer of Killers,movie,2025-06-05,,7.989,-1,‚ùå Don't Want to See,2025-06-19 23:07:59.688917,"While three of the fiercest warriors in human history‚Äîa Viking raider, a ninja in feudal Japan, and a WWII pilot‚Äîare killers in their own right, they are merely prey for their new opponent: the ultimate killer of killers.",/2XDQa6EmFHSA37j1t0w88vpWqj9.jpg
63770,The Late Show with Stephen Colbert,tv,2015-09-08,"Comedy, Talk",6.343,-1,‚ùå Don't Want to See,2025-06-19 23:08:06.314455,"Stephen Colbert brings his signature satire and comedy to The Late Show with Stephen Colbert, the #1 show in late night, where he talks with an eclectic mix of guests about what is new and relevant in the worlds of politics, entertainment, business, music, technology, and more. Featuring bandleader Jon Batiste with his band Stay Human, the Emmy Award-nominated show is broadcast from the historic Ed Sullivan Theater. Stephen Colbert, Chris Licht, Tom Purcell, and Jon Stewart are executive producers. Barry Julien and Denise Rehrig serve as co-executive producers.must watch",https://image.tmdb.org/t/p/w500/9jkThAGYj2yp8jsS6Nriy5mzKFT.jpg
2224,The Daily Show,tv,1996-07-22,"News, Comedy",6.354,-1,‚ùå Don't Want to See,2025-06-19 23:31:04.248839,"The World's Fakest News Team tackle the biggest stories in news, politics and pop culture.",https://image.tmdb.org/t/p/w500/ixcfyK7it6FjRM36Te4OdblAq4X.jpg
50821,Among Friends,tv,1998-10-26,"Drama, Family",3.2,-1,‚ùå Don't Want to See,2025-06-19 23:31:08.800385,Mikl√≥s introduces viewers into the world of Money and Charm.,https://image.tmdb.org/t/p/w500/kBBbSgNchtMvsgD6z1oI1RRluHP.jpg
22980,Watch What Happens Live with Andy Cohen,tv,2009-07-16,"Talk, Comedy",5.061,-1,‚ùå Don't Want to See,2025-06-19 23:31:13.445950,Bravo network executive Andy Cohen discusses pop culture topics with celebrities and reality show personalities.,https://image.tmdb.org/t/p/w500/onSD9UXfJwrMXWhq7UY7hGF2S1h.jpg
61818,Late Night with Seth Meyers,tv,2014-02-25,"Talk, Comedy",5.3,-1,‚ùå Don't Want to See,2025-06-19 23:31:17.998174,"Seth Meyers, who is ""Saturday Night Live‚Äôs"" longest serving anchor on the show‚Äôs wildly popular ""Weekend Update,"" takes over as host of NBC‚Äôs ""Late Night"" ‚Äî home to A-list celebrity guests, memorable comedy and the best in musical talent. As the Emmy Award-winning head writer for ""SNL,"" Meyers has established a reputation for sharp wit and perfectly timed comedy, and has gained fame for his spot-on jokes and satire. Meyers takes his departure from ""SNL"" to his new post at ""Late Night,"" as Jimmy Fallon moves to ""The Tonight Show"".",https://image.tmdb.org/t/p/w500/rw0QaegwgKbRoB2CZe2lfewltT9.jpg
70558,NPR Tiny Desk Concerts,tv,2008-04-22,,7.8,-1,‚ùå Don't Want to See,2025-06-19 23:31:22.552019,"Intimate musical performances, recorded live at the desk of All Songs Considered host Bob Boilen.",https://image.tmdb.org/t/p/w500/sJ6HdzajIVkC5G2kRROhNu8at43.jpg
498,Late Show with David Letterman,tv,1993-08-30,"Talk, Comedy",6.325,-1,‚ùå Don't Want to See,2025-06-19 23:31:26.381586,"Late Show with David Letterman is an American late-night talk show hosted by David Letterman on CBS. The show debuted on August 30, 1993, and is produced by Letterman's production company, Worldwide Pants Incorporated and CBS Television Studios. The show's music director and band-leader of the house band, the CBS Orchestra, is Paul Shaffer. The head writer is Matt Roberts and the announcer is Alan Kalter. Of the major U.S. late-night programs, Late Show ranks second in cumulative average viewers over time and third in number of episodes over time. The show leads other late night shows in ad revenue with $271 million in 2009.

In most U.S. markets the show airs at 11:35 p.m. Eastern/Pacific time, but is recorded Monday through Wednesday at 4:30 p.m., and Thursdays at 3:30 p.m and 6:00 p.m. The second Thursday episode usually airs on Friday of that week.

In 2002, Late Show with David Letterman was ranked No. 7 on TV Guide's 50 Greatest TV Shows of All Time. CBS has a contract with Worldwide Pants to continue the show through 2014; by then, Letterman will surpass Johnny Carson as the longest tenured late-night talk show host.",https://image.tmdb.org/t/p/w500/fTBC5EpsgKmli9VQcJMtqQ08Qj4.jpg
30957,The Amazing Race,tv,2001-09-05,Reality,6.9,-1,‚ùå Don't Want to See,2025-06-19 23:31:38.589032,"This reality competition sees teams embark on a trek around the world to amazing destinations where they must compete in a series of challenges, some mental and some physical. Only when the tasks are completed will they learn of their next location. Teams who are the farthest behind will gradually be eliminated as the contest progresses, with the first team to arrive at the final destination winning the race and the $1 million prize.",https://image.tmdb.org/t/p/w500/x1jq0atcQg6UkaZpco0kFL6QHuM.jpg
59941,The Tonight Show Starring Jimmy Fallon,tv,2014-02-17,"Comedy, Talk",5.853,2,ü§∑ OK,2025-06-19 23:31:44.842037,"After Jay Leno's second retirement from the program, Jimmy Fallon stepped in as his permanent replacement. After 42 years in Los Angeles the program was brought back to New York.",https://image.tmdb.org/t/p/w500/g4amxJvtpnY79J77xeamnAEUO8r.jpg
19,Metropolis,movie,1927-02-06,"Drama, Science Fiction",8.106,-1,‚ùå Don't Want to See,2025-06-19 23:32:53.017939,"In a futuristic city sharply divided between the rich and the poor, the son of the city's mastermind meets a prophet who predicts the coming of a savior to mediate their differences.",https://image.tmdb.org/t/p/w500/vZIJxGnjcswPCAa52jhbl01FQkV.jpg
59,A History of Violence,movie,2005-09-23,"Drama, Thriller, Crime",7.165,0,üëÄ Want to See,2025-06-19 23:33:16.968304,An average family is thrust into the spotlight after the father commits a seemingly self-defense murder at his diner.,https://image.tmdb.org/t/p/w500/A26rcvipOqptVs7i5uRmKicXRxE.jpg
27205,Inception,movie,2010-07-15,"Action, Science Fiction, Adventure",8.369,4,üåü Perfect,2025-06-19 23:33:21.737721,"Cobb, a skilled thief who commits corporate espionage by infiltrating the subconscious of his targets is offered a chance to regain his old life as payment for a task considered to be impossible: ""inception"", the implantation of another person's idea into a target's subconscious.",https://image.tmdb.org/t/p/w500/oYuLEt3zVCKq57qu2F8dT7NIa6f.jpg
1701,Con Air,movie,1997-06-05,"Action, Thriller, Crime",6.751,3,üëç Good,2025-06-19 23:33:27.107336,"Newly-paroled former US Army ranger Cameron Poe is headed back to his wife, but must fly home aboard a prison transport flight dubbed ""Jailbird"" taking the ‚Äúworst of the worst‚Äù prisoners, a group described as ‚Äúpure predators‚Äù, to a new super-prison. Poe faces impossible odds when the transport plane is skyjacked mid-flight by the most vicious criminals in the country led by the mastermind ‚Äî genius serial killer Cyrus ""The Virus"" Grissom, and backed by black militant Diamond Dog and psychopath Billy Bedlam.",https://image.tmdb.org/t/p/w500/kOKjgrEzGOP92rVQ6srA9jtp60l.jpg
1726,Iron Man,movie,2008-04-30,"Action, Science Fiction, Adventure",7.652,-1,‚ùå Don't Want to See,2025-06-19 23:33:32.478359,"After being held captive in an Afghan cave, billionaire engineer Tony Stark creates a unique weaponized suit of armor to fight evil.",https://image.tmdb.org/t/p/w500/78lPtwv72eTNqFW9COBYI0dWDJa.jpg
11324,Shutter Island,movie,2010-02-14,"Drama, Thriller, Mystery",8.201,4,üåü Perfect,2025-06-19 23:33:38.355260,"World War II soldier-turned-U.S. Marshal Teddy Daniels investigates the disappearance of a patient from a hospital for the criminally insane, but his efforts are compromised by troubling visions and a mysterious doctor.",https://image.tmdb.org/t/p/w500/nrmXQ0zcZUL8jFLrakWc90IR8z9.jpg
24,Kill Bill: Vol. 1,movie,2003-10-10,"Action, Crime",7.971,2,ü§∑ OK,2025-06-19 23:33:48.015415,"An assassin is shot by her ruthless employer, Bill, and other members of their assassination circle ‚Äì but she lives to plot her vengeance.",https://image.tmdb.org/t/p/w500/v7TaX8kXMXs5yFFGR41guUDNcnB.jpg
63,Twelve Monkeys,movie,1995-12-29,"Science Fiction, Thriller, Mystery",7.602,-1,‚ùå Don't Want to See,2025-06-19 23:34:15.956500,"In the year 2035, convict James Cole reluctantly volunteers to be sent back in time to discover the origin of a deadly virus that wiped out nearly all of the earth's population and forced the survivors into underground communities. But when Cole is mistakenly sent to 1990 instead of 1996, he's arrested and locked up in a mental hospital. There he meets psychiatrist Dr. Kathryn Railly and the son of a famous virus expert who may hold the key to the Army of the 12 Monkeys; thought to be responsible for unleashing the killer disease.",https://image.tmdb.org/t/p/w500/gt3iyguaCIw8DpQZI1LIN5TohM2.jpg
754,Face/Off,movie,1997-06-27,"Action, Crime, Science Fiction",7.044,2,ü§∑ OK,2025-06-19 23:34:22.040890,"In order to foil a terrorist plot, an FBI agent undergoes facial transplant surgery and assumes the identity of a criminal mastermind. The plan turns sour when the criminal wakes up prematurely and seeks revenge.",https://image.tmdb.org/t/p/w500/69Xzn8UdPbVnmqSChKz2RTpoNfB.jpg
155,The Dark Knight,movie,2008-07-16,"Drama, Action, Crime, Thriller",8.52,2,ü§∑ OK,2025-06-19 23:34:28.189215,"Batman raises the stakes in his war on crime. With the help of Lt. Jim Gordon and District Attorney Harvey Dent, Batman sets out to dismantle the remaining criminal organizations that plague the streets. The partnership proves to be effective, but they soon find themselves prey to a reign of chaos unleashed by a rising criminal mastermind known to the terrified citizens of Gotham as the Joker.",https://image.tmdb.org/t/p/w500/qJ2tW6WMUDux911r6m7haRef0WH.jpg
1721,All the Way Boys,movie,1972-12-22,"Adventure, Action, Comedy",6.751,-1,‚ùå Don't Want to See,2025-06-19 23:34:37.932809,"The ""Trinity"" crew makes another modern era film. Plata and Salud are pilots ditching aircraft for insurance money. They wind up crashing for real in the jungles of South America. The plot involves ""Mr. Big"", who is buying the diamonds from the miners for much too little, and has thugs who keep the price down. Of course, Plata and Salud side with the miners",https://image.tmdb.org/t/p/w500/cWhBysh8ejHqKBcv5cGaA5FCCcq.jpg
9802,The Rock,movie,1996-06-07,"Action, Adventure, Thriller",7.134,-1,‚ùå Don't Want to See,2025-06-19 23:34:54.279372,"When vengeful General Francis X. Hummel seizes control of Alcatraz Island and threatens to launch missiles loaded with deadly chemical weapons into San Francisco, only a young FBI chemical weapons expert and notorious Federal prisoner have the skills to penetrate the impregnable island fortress and take him down.",https://image.tmdb.org/t/p/w500/j5mxLNWjUlXUUk8weFBtnF4afIR.jpg
432684,Grand Canary,movie,1934-07-20,Drama,4.1,-1,‚ùå Don't Want to See,2025-06-19 23:35:04.126603,"Based on an AJ Cronin novel, a disgraced doctor exiled to the Canary Islands, meets and falls in love with a married woman.",https://image.tmdb.org/t/p/w500/7JAzjYApeu2wWaLUtvDz6KpmA0l.jpg
286217,The Martian,movie,2015-09-30,"Drama, Adventure, Science Fiction",7.689,4,üåü Perfect,2025-06-19 23:35:10.263392,"During a manned mission to Mars, Astronaut Mark Watney is presumed dead after a fierce storm and left behind by his crew. But Watney has survived and finds himself stranded and alone on the hostile planet. With only meager supplies, he must draw upon his ingenuity, wit and spirit to subsist and find a way to signal to Earth that he is alive.",https://image.tmdb.org/t/p/w500/3ndAx3weG6KDkJIRMCi5vXX6Dyb.jpg
62,2001: A Space Odyssey,movie,1968-04-02,"Science Fiction, Mystery, Adventure",8.066,0,üëÄ Want to See,2025-06-19 23:35:16.154046,"Humanity finds a mysterious object buried beneath the lunar surface and sets off to find its origins with the help of HAL 9000, the world's most advanced super computer.",https://image.tmdb.org/t/p/w500/ve72VxNqjGM69Uky4WTo2bK6rfq.jpg
789309,Zelen√© obzory,movie,1962-09-07,Drama,6.0,-1,‚ùå Don't Want to See,2025-06-19 23:35:22.351082,A young agricultural expert fails as the manager of a cattle farm on a state farm in the borderlands... The attempt at a realistic view of the problems of nationalised agriculture did not exceed the average of the time.,https://image.tmdb.org/t/p/w500/jGJWMxbI9A6S1WAkUp5pOgSDY20.jpg
106646,The Wolf of Wall Street,movie,2013-12-25,"Crime, Drama, Comedy",8.029,4,üåü Perfect,2025-06-19 23:35:27.279014,"A New York stockbroker refuses to cooperate in a large securities fraud case involving corruption on Wall Street, corporate banking world and mob infiltration. Based on Jordan Belfort's autobiography.",https://image.tmdb.org/t/p/w500/kW9LmvYHAaS9iA0tHmZVq8hQYoq.jpg
28,Apocalypse Now,movie,1979-05-19,"Drama, War",8.272,2,ü§∑ OK,2025-06-19 23:35:33.379526,"At the height of the Vietnam war, Captain Benjamin Willard is sent on a dangerous mission that, officially, ""does not exist, nor will it ever exist."" His goal is to locate - and eliminate - a mysterious Green Beret Colonel named Walter Kurtz, who has been leading his personal army on illegal guerrilla missions into enemy territory.",https://image.tmdb.org/t/p/w500/gQB8Y5RCMkv2zwzFHbUJX3kAhvA.jpg
281957,The Revenant,movie,2015-12-25,"Western, Drama, Adventure",7.534,3,üëç Good,2025-06-19 23:35:41.394126,"In the 1820s, a frontiersman, Hugh Glass, sets out on a path of vengeance against those who left him for dead after a bear mauling.",https://image.tmdb.org/t/p/w500/ji3ecJphATlVgWNY0B0RVXZizdf.jpg
1700,Misery,movie,1990-11-30,"Drama, Thriller",7.7,-1,‚ùå Don't Want to See,2025-06-19 23:35:50.442816,"After an accident, acclaimed novelist Paul Sheldon is rescued by a nurse who claims to be his biggest fan.  Her obsession takes a dark turn when she holds him captive in her remote Colorado home and forces him to write back to life the popular literary character he killed off.",https://image.tmdb.org/t/p/w500/23Y65uWaVMpqfbZTN3CT0aei4D5.jpg
1422,The Departed,movie,2006-10-04,"Drama, Thriller, Crime",8.159,0,üëÄ Want to See,2025-06-19 23:36:00.281722,"To take down South Boston's Irish Mafia, the police send in one of their own to infiltrate the underworld, not realizing the syndicate has done likewise. While an undercover cop curries favor with the mob kingpin, a career criminal rises through the police ranks. But both sides soon discover there's a mole among them.",https://image.tmdb.org/t/p/w500/nT97ifVT2J1yMQmeq20Qblg61T.jpg
206647,Spectre,movie,2015-10-26,"Action, Adventure, Thriller",6.558,3,üëç Good,2025-06-19 23:36:31.805454,"A cryptic message from Bond‚Äôs past sends him on a trail to uncover a sinister organization. While M battles political forces to keep the secret service alive, Bond peels back the layers of deceit to reveal the terrible truth behind SPECTRE.",https://image.tmdb.org/t/p/w500/zj8ongFhtWNsVlfjOGo8pSr7PQg.jpg
257445,Goosebumps,movie,2015-08-05,"Adventure, Horror, Comedy",6.308,-1,‚ùå Don't Want to See,2025-06-19 23:36:37.621906,"After moving to a small town, Zach Cooper finds a silver lining when he meets next door neighbor Hannah, the daughter of bestselling Goosebumps series author R.L. Stine. When Zach unintentionally unleashes real monsters from their manuscripts and they begin to terrorize the town, it‚Äôs suddenly up to Stine, Zach and Hannah to get all of them back in the books where they belong.",https://image.tmdb.org/t/p/w500/aeZT9pqEgrmXOGdESFkAuVjX6kw.jpg
64682,The Great Gatsby,movie,2013-05-09,"Drama, Romance",7.363,2,ü§∑ OK,2025-06-19 23:36:41.444473,"An adaptation of F. Scott Fitzgerald's Long Island-set novel, where Midwesterner Nick Carraway is lured into the lavish world of his neighbor, Jay Gatsby. Soon enough, however, Carraway will see through the cracks of Gatsby's nouveau riche existence, where obsession, madness, and tragedy await.",https://image.tmdb.org/t/p/w500/nimh1rrDDLhgpG8XAYoUZXHYwb6.jpg
273248,The Hateful Eight,movie,2015-12-25,"Drama, Mystery, Western",7.755,3,üëç Good,2025-06-19 23:36:46.699887,Bounty hunters seek shelter from a raging blizzard and get caught up in a plot of betrayal and deception.,https://image.tmdb.org/t/p/w500/jIywvdPjia2t3eKYbjVTcwBQlG8.jpg
206647,Spectre,movie,2015-10-26,"Action, Adventure, Thriller",6.558,-1,‚ùå Don't Want to See,2025-06-19 23:37:52.439022,"A cryptic message from Bond‚Äôs past sends him on a trail to uncover a sinister organization. While M battles political forces to keep the secret service alive, Bond peels back the layers of deceit to reveal the terrible truth behind SPECTRE.",https://image.tmdb.org/t/p/w500/zj8ongFhtWNsVlfjOGo8pSr7PQg.jpg
20,My Life Without Me,movie,2003-03-07,"Drama, Romance",6.053,-1,‚ùå Don't Want to See,2025-06-19 23:37:59.764314,A fatally ill mother with only two months to live creates a list of things she wants to do before she dies without telling her family of her illness.,https://image.tmdb.org/t/p/w500/pFEtVPW88pWflYV84UFL0h1iJr3.jpg
318846,The Big Short,movie,2015-12-11,"Comedy, Drama",7.356,4,üåü Perfect,2025-06-19 23:38:01.453630,The men who made millions from a global economic meltdown.,https://image.tmdb.org/t/p/w500/scVEaJEwP8zUix8vgmMoJJ9Nq0w.jpg
318846,The Big Short,movie,2015-12-11,"Comedy, Drama",7.356,0,üëÄ Want to See,2025-06-19 23:38:07.185385,The men who made millions from a global economic meltdown.,https://image.tmdb.org/t/p/w500/scVEaJEwP8zUix8vgmMoJJ9Nq0w.jpg
78,Blade Runner,movie,1982-06-25,"Science Fiction, Drama, Thriller",7.94,-1,‚ùå Don't Want to See,2025-06-19 23:38:12.487550,"In the smog-choked dystopian Los Angeles of 2019, blade runner Rick Deckard is called out of retirement to terminate a quartet of replicants who have escaped to Earth seeking their creator for a way to extend their short life spans.",https://image.tmdb.org/t/p/w500/63N9uy8nd9j7Eog2axPQ8lbr3Wj.jpg
370172,No Time to Die,movie,2021-09-29,"Action, Thriller, Adventure",7.364,-1,‚ùå Don't Want to See,2025-06-19 23:38:20.936343,"Bond has left active service and is enjoying a tranquil life in Jamaica. His peace is short-lived when his old friend Felix Leiter from the CIA turns up asking for help. The mission to rescue a kidnapped scientist turns out to be far more treacherous than expected, leading Bond onto the trail of a mysterious villain armed with dangerous new technology.",https://image.tmdb.org/t/p/w500/iUgygt3fscRoKWCV1d0C7FbM9TP.jpg
64682,The Great Gatsby,movie,2013-05-09,"Drama, Romance",7.363,3,üëç Good,2025-06-19 23:38:21.529559,"An adaptation of F. Scott Fitzgerald's Long Island-set novel, where Midwesterner Nick Carraway is lured into the lavish world of his neighbor, Jay Gatsby. Soon enough, however, Carraway will see through the cracks of Gatsby's nouveau riche existence, where obsession, madness, and tragedy await.",https://image.tmdb.org/t/p/w500/nimh1rrDDLhgpG8XAYoUZXHYwb6.jpg
71,Billy Elliot,movie,2000-09-28,"Drama, Comedy, Music",7.593,4,üåü Perfect,2025-06-19 23:38:28.326155,"County Durham, England, 1984. The miners' strike has started and the police have started coming up from Bethnal Green, starting a class war with the lower classes suffering. Caught in the middle of the conflict is 11-year old Billy Elliot, who, after leaving his boxing club for the day, stumbles upon a ballet class and finds out that he's naturally talented. He practices with his teacher Mrs. Wilkinson for an upcoming audition in Newcastle-upon Tyne for the royal Ballet school in London.",https://image.tmdb.org/t/p/w500/nOr5diUZxphmAD3li9aiILyI28F.jpg
978415,Horseplay,movie,2023-06-01,"Comedy, Drama",7.8,-1,‚ùå Don't Want to See,2025-06-19 23:38:42.275862,"In the heat of the summer, Andy leaves the city in order to spend some time at a luxury villa with his best friends. As they party and goof around, their initial consensual horseplay reveals that they each have different personal boundaries.",https://image.tmdb.org/t/p/w500/2PfLCKM4YuaWOfbgn5VGihBF5ls.jpg
1787,Les Biches,movie,1968-03-22,"Drama, Romance",6.0,-1,‚ùå Don't Want to See,2025-06-19 23:38:50.236524,"A bored bisexual millionaire picks up a young destitute street artist and whisks her away to her villa in Saint Tropez. They meet a dashing local architect and both fall for him, setting in motion a m√©nage √† trois of deception and betrayal.",https://image.tmdb.org/t/p/w500/aso44GAzBFgw7q4FtbHVHbvJxos.jpg
298931,Billy Elliot: The Musical Live,movie,2014-09-28,"Music, Drama, History",8.1,3,üëç Good,2025-06-19 23:38:54.307342,"In County Durham, England, 1984, a talented young dancer, Billy Elliot, stumbles out of the boxing ring and onto the ballet floor. He faces many trials and triumphs as he strives to conquer his family‚Äôs set ways, inner conflict, and standing on his toes in a musical that questions masculinity, gender norms and conformity.",https://image.tmdb.org/t/p/w500/cVe13jzHzWNOpv02xdDuozbIJBm.jpg
527511,Bhavesh Joshi Superhero,movie,2018-06-01,"Action, Drama",7.4,-1,‚ùå Don't Want to See,2025-06-19 23:39:03.162316,"A young man who stands for the right discovers that he's destined to do bigger things, which will transform him from a common man into a Superhero.",https://image.tmdb.org/t/p/w500/x2dzIELXWls5Aqutha502ZyF8WN.jpg
417419,SoulMate,movie,2016-09-23,"Romance, Drama",7.2,-1,‚ùå Don't Want to See,2025-06-19 23:39:07.638508,The films spans two decades as the story unfolds in a series of flashbacks that begin when Qiyue and Ansheng were just thirteen. The two became inseparable until they met a boy who ended up tearing their lives apart.,https://image.tmdb.org/t/p/w500/gVgKn7hV6nMNyE6WjFz1QTnLhtS.jpg
69,Walk the Line,movie,2005-09-13,"Drama, Music, Romance",7.503,-1,‚ùå Don't Want to See,2025-06-19 23:39:22.909924,"A chronicle of country music legend Johnny Cash's life, from his early days on an Arkansas cotton farm to his rise to fame with Sun Records in Memphis, where he recorded alongside Elvis Presley, Jerry Lee Lewis and Carl Perkins.",https://image.tmdb.org/t/p/w500/zMkD6FVikyPNnigoupO7vD5ti9p.jpg
26,Walk on Water,movie,2004-02-05,Drama,6.92,-1,‚ùå Don't Want to See,2025-06-19 23:39:33.688060,"Eyal, an Israeli Mossad agent, is given the mission to track down and kill the very old Alfred Himmelman, an ex-Nazi officer, who might still be alive. Pretending to be a tourist guide, he befriends his grandson Axel, in Israel to visit his sister Pia. The two men set out on a tour of the country, during which Axel challenges Eyal's values.",https://image.tmdb.org/t/p/w500/mVWFN3RaBFLuJRtRLPebatX9qPq.jpg
509,Notting Hill,movie,1999-05-21,"Romance, Comedy",7.263,3,üëç Good,2025-06-19 23:39:40.387316,London bookstore owner William Thacker's quiet life turns upside down when a chance encounter with famous actress Anna Scott sparks an unlikely romance challenged by their vastly different worlds.,https://image.tmdb.org/t/p/w500/hHRIf2XHeQMbyRb3HUx19SF5Ujw.jpg
1736,Shoppen,movie,2007-05-02,"Comedy, Drama",6.0,-1,‚ùå Don't Want to See,2025-06-19 23:39:55.508689,"An almost bombproof method of staying single is called ""speed dating"". 18 people participate in such an event. Nine men and nine women are sitting opposite each other in order to sell optimally under the pressure of time and to find a partner. They are looking for a date - and have nothing else in common. They talk about allergies, cappuccino, consumer behavior, buses and designer clothes: the list of serious embarrassments is long. Yet none of the lonely hearts has given up the hope of romance.",https://image.tmdb.org/t/p/w500/gDyQPCMTMov5DKzOuTXdoZxV4Sw.jpg
74,War of the Worlds,movie,2005-06-28,"Adventure, Thriller, Science Fiction",6.518,3,üëç Good,2025-06-19 23:39:59.148083,"Ray Ferrier is a divorced dockworker and less-than-perfect father. Soon after his ex-wife and her new husband drop off his teenage son and young daughter for a rare weekend visit, a strange and powerful lightning storm touches down.",https://image.tmdb.org/t/p/w500/6Biy7R9LfumYshur3YKhpj56MpB.jpg
1723,The Front,movie,1976-09-17,"Comedy, Drama",7.0,-1,‚ùå Don't Want to See,2025-06-19 23:40:02.501805,"A cashier poses as a writer for blacklisted talents to submit their work through, but the injustice around him pushes him to take a stand.",https://image.tmdb.org/t/p/w500/3h39YWLBuFd4SGi2eqNazEQlPv7.jpg
1792,Stuck on You,movie,2003-12-10,Comedy,5.3,-1,‚ùå Don't Want to See,2025-06-19 23:40:09.474449,"In Martha's Vineyard, Mass., conjoined twins Walt and Bob Tenor make the best of their handicap by being the fastest grill cooks in town. While outgoing Walt hopes to one day become a famous actor, shy Bob prefers to stay out of the spotlight. When a fading Hollywood actress, Cher, decides to get her show ""Honey and the Beaze"" cancelled, she hires Walt -- and his brotherly appendage -- as her costars. But their addition surprisingly achieves the opposite.",https://image.tmdb.org/t/p/w500/2vDNBQb1orr8egzhybh7SHqDmeC.jpg
37724,Skyfall,movie,2012-10-24,"Action, Adventure, Thriller",7.249,3,üëç Good,2025-06-19 23:40:10.872908,"When Bond's latest assignment goes gravely wrong, agents around the world are exposed and MI6 headquarters is attacked. While M faces challenges to her authority and position from Gareth Mallory, the new Chairman of the Intelligence and Security Committee, it's up to Bond, aided only by field agent Eve, to locate the mastermind behind the attack.",https://image.tmdb.org/t/p/w500/d0IVecFQvsGdSbnMAHqiYsNYaJT.jpg
1812,Trick,movie,1999-07-23,"Comedy, Romance",7.0,-1,‚ùå Don't Want to See,2025-06-19 23:40:18.273139,"Gabriel is a young, aspiring musical composer whose life seems stuck in the First Act. When his new musical number gets a critical reception, a theatre colleague, Perry, tells Gabriel that he needs to get a life before he can write about one ‚Äì so he heads straight for his local gay bar.",https://image.tmdb.org/t/p/w500/3uphUbyfQkiKPt29WIO1vrX0Zyx.jpg
27,9 Songs,movie,2004-07-16,"Drama, Music, Romance",5.556,-1,‚ùå Don't Want to See,2025-06-19 23:40:27.309332,"Matt, a young glaciologist, soars across the vast, silent, icebound immensities of the South Pole as he recalls his love affair with Lisa. They meet at a mobbed rock concert in a vast music hall - London's Brixton Academy. They are in bed at night's end. Together, over a period of several months, they pursue a mutual sexual passion whose inevitable stages unfold in counterpoint to nine live-concert songs.",https://image.tmdb.org/t/p/w500/91O7z0vo7MiNWd5xD2BoivwbQsb.jpg
4806,Runaway Bride,movie,1999-07-30,"Comedy, Romance",6.11,-1,‚ùå Don't Want to See,2025-06-19 23:40:34.591821,"Having already left three grooms at the altar, Maggie Carpenter is branded ""the runaway bride"" by jaded New York journalist Ike Graham. But, after his facts are called into question, Ike races to Maggie's hometown to save his reputation and report on her upcoming fourth trip down the aisle ‚Äì during which he's convinced she'll run again. Though he's there on a muckraking mission, Ike can't help but fall for this breathtaking heartbreaker.",https://image.tmdb.org/t/p/w500/wzivR0yWJStVdhcl0A5rQvVdTQ7.jpg
4148,Revolutionary Road,movie,2008-12-19,"Drama, Romance",6.989,3,üëç Good,2025-06-19 23:40:43.426793,A young couple living in a Connecticut suburb during the mid-1950s struggle to come to terms with their personal problems while trying to raise their two children. Based on a novel by Richard Yates.,https://image.tmdb.org/t/p/w500/lLkVzVPKeBov5lh5yaeRun1xYzS.jpg
273248,The Hateful Eight,movie,2015-12-25,"Drama, Mystery, Western",7.755,0,üëÄ Want to See,2025-06-19 23:40:52.719354,Bounty hunters seek shelter from a raging blizzard and get caught up in a plot of betrayal and deception.,https://image.tmdb.org/t/p/w500/jIywvdPjia2t3eKYbjVTcwBQlG8.jpg
712,Four Weddings and a Funeral,movie,1994-03-09,"Comedy, Drama, Romance",6.771,-1,‚ùå Don't Want to See,2025-06-19 23:41:02.595812,"Over the course of five social occasions, a committed bachelor must consider the notion that he may have discovered love.",https://image.tmdb.org/t/p/w500/qa72G2VS0bpxms6yo0tI9vsHm2e.jpg
12113,Body of Lies,movie,2008-10-09,"Action, Drama, Thriller",6.63,-1,‚ùå Don't Want to See,2025-06-19 23:41:09.738107,"The CIA‚Äôs hunt is on for the mastermind of a wave of terrorist attacks. Roger Ferris is the agency‚Äôs man on the ground, moving from place to place, scrambling to stay ahead of ever-shifting events. An eye in the sky ‚Äì a satellite link ‚Äì watches Ferris.  At the other end of that real-time link is the CIA‚Äôs Ed Hoffman, strategizing events from thousands of miles away. And as Ferris nears the target, he discovers trust can be just as dangerous as it is necessary for survival.",https://image.tmdb.org/t/p/w500/rNEZug6er0bIj9LVN2JaQig6oZy.jpg
10675,Frantic,movie,1988-02-19,"Thriller, Mystery, Crime, Drama",6.722,-1,‚ùå Don't Want to See,2025-06-19 23:41:19.914459,"The wife of an American doctor suddenly vanishes in Paris. To find her, he navigates a puzzling web of language, locale, laissez-faire cops, triplicate-form filling bureaucrats and a defiant, mysterious waif who knows more than she tells.",https://image.tmdb.org/t/p/w500/z0xAa91q6Fq2ljksNV1uS53NoCZ.jpg
509,Notting Hill,movie,1999-05-21,"Romance, Comedy",7.263,3,üëç Good,2025-06-19 23:41:23.484709,London bookstore owner William Thacker's quiet life turns upside down when a chance encounter with famous actress Anna Scott sparks an unlikely romance challenged by their vastly different worlds.,https://image.tmdb.org/t/p/w500/hHRIf2XHeQMbyRb3HUx19SF5Ujw.jpg
33,Unforgiven,movie,1992-08-07,Western,7.912,-1,‚ùå Don't Want to See,2025-06-19 23:42:38.473618,"William Munny is a retired, once-ruthless killer turned gentle widower and hog farmer. To help support his two motherless children, he accepts one last bounty-hunter mission to find the men who brutalized a prostitute. Joined by his former partner and a cocky greenhorn, he takes on a corrupt sheriff.",https://image.tmdb.org/t/p/w500/54roTwbX9fltg85zjsmrooXAs12.jpg
500,Reservoir Dogs,movie,1992-09-02,"Crime, Thriller",8.1,2,ü§∑ OK,2025-06-19 23:42:45.960490,"A botched robbery indicates a police informant, and the pressure mounts in the aftermath at a warehouse. Crime begets violence as the survivors -- veteran Mr. White, newcomer Mr. Orange, psychopathic parolee Mr. Blonde, bickering weasel Mr. Pink and Nice Guy Eddie -- unravel.",https://image.tmdb.org/t/p/w500/xi8Iu6qyTfyZVDVy60raIOYJJmk.jpg
314365,Spotlight,movie,2015-11-06,"Drama, History",7.814,3,üëç Good,2025-06-19 23:42:55.492374,"The true story of how the Boston Globe uncovered the massive scandal of child molestation and cover-up within the local Catholic Archdiocese, shaking the entire Catholic Church to its core.",https://image.tmdb.org/t/p/w500/8DPGG400FgaFWaqcv11n8mRd2NG.jpg
296098,Bridge of Spies,movie,2015-10-15,"Thriller, Drama",7.234,-1,‚ùå Don't Want to See,2025-06-19 23:43:08.255511,"During the Cold War, the Soviet Union captures U.S. pilot Francis Gary Powers after shooting down his U-2 spy plane. Sentenced to 10 years in prison, Powers' only hope is New York lawyer James Donovan, recruited by a CIA operative to negotiate his release. Donovan boards a plane to Berlin, hoping to win the young man's freedom through a prisoner exchange. If all goes well, the Russians would get Rudolf Abel, the convicted spy who Donovan defended in court.",https://image.tmdb.org/t/p/w500/fmOOjHAQzxr0c1sfcY4qkiSRBH6.jpg
257450,Piranha Sharks,movie,2014-05-08,"Horror, Comedy, Action, Science Fiction",5.587,-1,‚ùå Don't Want to See,2025-06-19 23:43:17.595971,"Great white sharks bio-engineered to be the size of piranhas with the purpose of living in rich peoples exotic aquariums, terrorize New York City when they get into the water supply and do what great white sharks do best.",https://image.tmdb.org/t/p/w500/v60laZMOAaifzlGN38bDAXYgqI2.jpg
180,Minority Report,movie,2002-06-20,"Science Fiction, Action, Thriller",7.3,-1,‚ùå Don't Want to See,2025-06-19 23:43:24.067270,"John Anderton is a top 'Precrime' cop in the late-21st century, when technology can predict crimes before they're committed. But Anderton becomes the quarry when another investigator targets him for a murder charge.",https://image.tmdb.org/t/p/w500/ccqpHq5tk5W4ymbSbuoy4uYOxFI.jpg
1917,Who Killed Bambi?,movie,2003-12-24,Thriller,6.1,-1,‚ùå Don't Want to See,2025-06-19 23:43:31.198586,"Isabelle, a beautiful nursing student, is starting her internship at a prestigious hospital. She meets Dr. Philip there, feels atracted to him from the beggining and starts suffering from strange fainting; so he calls her Bambi: her legs don't support her. Patients mysteriously start to dissappear from their rooms; so Bambi and Dr. Philip start a cat vs. mouse paranoid game, in order to catch the probable killer.",https://image.tmdb.org/t/p/w500/nKhmdbwcMXWM21AqSBKLvV3kdog.jpg
10764,Quantum of Solace,movie,2008-10-29,"Adventure, Action, Thriller, Crime",6.333,-1,‚ùå Don't Want to See,2025-06-19 23:43:40.136867,"Betrayed by Vesper, the woman he loved, 007 fights the urge to make his latest mission personal. Pursuing his determination to uncover the truth, Bond and M interrogate Mr. White, who reveals that the organization that blackmailed Vesper is far more complex and dangerous than anyone had imagined.",https://image.tmdb.org/t/p/w500/e3DXXLJHGqMx9yYpXsql1XNljmM.jpg
1717,All the King's Men,movie,2006-09-10,"Drama, Thriller",5.772,-1,‚ùå Don't Want to See,2025-06-19 23:43:48.152940,"The story of an idealist's rise to power in the world of Louisiana politics and the corruption that leads to his ultimate downfall. Based on the 1946 Pulitzer Prize-winning novel written by Robert Penn Warren, loosely based on the story of real-life politician Huey Long.",https://image.tmdb.org/t/p/w500/j7vfi9M0GwOvn5bywzheF7oQ7w.jpg
264644,Room,movie,2015-10-16,"Drama, Thriller",8.004,4,üåü Perfect,2025-06-19 23:43:55.712590,"Held captive for 7 years in an enclosed space, a woman and her young son finally gain their freedom, allowing the boy to experience the outside world for the first time.",https://image.tmdb.org/t/p/w500/pCURNjeomWbMSdiP64gj8NVVHTQ.jpg
